model,granularity,Hit_Rate,MRR,nDCG_K
BAAI/bge-base-en-v1.5,128,0.8,0.49000000000000005,0.5520380974147865
BAAI/bge-base-en-v1.5,512,1.0,0.65,0.7527016515011844
BAAI/bge-base-en-v1.5,2048,1.0,0.9,0.9105205030505494
all-mpnet-base-v2,128,0.8,0.2119047619047619,0.4041243041049719
all-mpnet-base-v2,512,1.0,0.9,0.8809187228245599
all-mpnet-base-v2,2048,1.0,1.0,0.9450035434227629
